{"version":"1.5","timestamp":1717658440,"count":17,"index":{"":{"key":"","storage_key":"","template":null,"storage_timestamp":1717657901,"children":{"01.home":1717649465,"02.blog":1717598831,"03.contact":1717598831,"04.about-himaki":1717642374,"05.menu-baru":1717657901},"checksum":"3f5847d2a5a69bad283f85e8564fe3e8"},"01.home":{"key":"home","storage_key":"01.home","template":"modular","storage_timestamp":1717649465,"markdown":{"":{"modular":1717649465}},"children":{"_whatwedo":1717600176},"checksum":"78974d3b17222a59dec51552f03df0ec"},"01.home\/_whatwedo":{"key":"home\/_whatwedo","storage_key":"01.home\/_whatwedo","template":"default","storage_timestamp":1717600176,"markdown":{"":{"default":1717600176}},"checksum":"58f20cc7dbcc5842721a49bd795b00d4"},"02.blog":{"key":"blog","storage_key":"02.blog","template":"blog","storage_timestamp":1717598831,"markdown":{"":{"blog":1717598830}},"children":{"blog1":1717598830,"blog2":1717598830,"blog3":1717598831,"blog4":1717598831,"blog5":1717598831},"checksum":"7bddc5216344a2720ea3ca162f1ef8eb"},"02.blog\/blog1":{"key":"blog\/blog1","storage_key":"02.blog\/blog1","template":"item","storage_timestamp":1717638295,"markdown":{"":{"item":1717638242}},"checksum":"aa95f7f930c1c7829fb9e6b0802edaa5"},"02.blog\/blog2":{"key":"blog\/blog2","storage_key":"02.blog\/blog2","template":"item","storage_timestamp":1717638988,"markdown":{"":{"item":1717638988}},"checksum":"f072045a5c00bbb6c338412ad9738bf4"},"02.blog\/blog3":{"key":"blog\/blog3","storage_key":"02.blog\/blog3","template":"item","storage_timestamp":1717638875,"markdown":{"":{"item":1717638875}},"checksum":"52aaf68939ee69ede612b9375dc60f2c"},"02.blog\/blog4":{"key":"blog\/blog4","storage_key":"02.blog\/blog4","template":"item","storage_timestamp":1717639086,"markdown":{"":{"item":1717639086}},"checksum":"a9a61be83713146494d7b7ac919fa6e0"},"02.blog\/blog5":{"key":"blog\/blog5","storage_key":"02.blog\/blog5","template":"item","storage_timestamp":1717638584,"markdown":{"":{"item":1717638584}},"checksum":"e77e95725092fa1be6b3d4e37fb48586"},"03.contact":{"key":"contact","storage_key":"03.contact","template":"form","storage_timestamp":1717598831,"markdown":{"":{"form":1717598831}},"children":{"thankyou":1717598831},"checksum":"aa32b7639a0b8395f8463b1f0a70964c"},"03.contact\/thankyou":{"key":"contact\/thankyou","storage_key":"03.contact\/thankyou","template":"formdata","storage_timestamp":1717598831,"markdown":{"":{"formdata":1717598831}},"checksum":"7a6d0983431e76ce544e8ecfc8ac0fac"},"04.about-himaki":{"key":"about-himaki","storage_key":"04.about-himaki","template":"blog","storage_timestamp":1717642374,"markdown":{"":{"blog":1717641897}},"children":{"mars-himaki":1717642374,"sejarah-himaki":1717642195},"checksum":"00f727c2da2b23f4c81201cf7b1cae86"},"04.about-himaki\/mars-himaki":{"key":"about-himaki\/mars-himaki","storage_key":"04.about-himaki\/mars-himaki","template":"item","storage_timestamp":1717645402,"markdown":{"":{"item":1717645402}},"checksum":"c6f369c833c91094dfcb8ecce15a5f91"},"04.about-himaki\/sejarah-himaki":{"key":"about-himaki\/sejarah-himaki","storage_key":"04.about-himaki\/sejarah-himaki","template":"item","storage_timestamp":1717645389,"markdown":{"":{"item":1717645389}},"checksum":"a88eee1196b2d59d2b1cdbcd0d6a60b0"},"05.menu-baru":{"key":"menu-baru","storage_key":"05.menu-baru","template":"default","storage_timestamp":1717658440,"markdown":{"":{"default":1717658440}},"children":{"submenu-baru":1717658021,"submenu-baru2":1717658232},"checksum":"fbefad49423321b6f90aeaf375e5f1cc"},"05.menu-baru\/submenu-baru":{"key":"menu-baru\/submenu-baru","storage_key":"05.menu-baru\/submenu-baru","template":"item","storage_timestamp":1717658021,"markdown":{"":{"item":1717658021}},"checksum":"33fe4d1a50c8e6e8a51695fa4a448480"},"05.menu-baru\/submenu-baru2":{"key":"menu-baru\/submenu-baru2","storage_key":"05.menu-baru\/submenu-baru2","template":"item","storage_timestamp":1717658232,"markdown":{"":{"item":1717658201}},"checksum":"1e0732d682b135cd919750c7e7da1222"}}}